insert into director (director_id, fecha_nac, nacionalidad, nombre) values (1, "28/08/1975", "Russian", "Roseline");
insert into director (director_id, fecha_nac, nacionalidad, nombre) values (2, "15/08/1944", "Russian", "Magdalene");
insert into director (director_id, fecha_nac, nacionalidad, nombre) values (3, "30/01/1974", "Italian", "Gage");
insert into director (director_id, fecha_nac, nacionalidad, nombre) values (4, "25/03/1966", "Canadian", "Marian");
insert into director (director_id, fecha_nac, nacionalidad, nombre) values (5, "21/08/1983", "American", "Kaila");
insert into director (director_id, fecha_nac, nacionalidad, nombre) values (6, "19/04/1959", "American", "Pavla");
insert into director (director_id, fecha_nac, nacionalidad, nombre) values (7, "16/06/1993", "Indian", "Colver");
insert into director (director_id, fecha_nac, nacionalidad, nombre) values (8, "26/05/1975", "Russian", "Gae");
insert into director (director_id, fecha_nac, nacionalidad, nombre) values (9, "03/10/2001", "Russian", "Binnie");
insert into director (director_id, fecha_nac, nacionalidad, nombre) values (10, "11/08/1980", "Chinese", "Emlynn");
insert into personaje (personaje_id, nombre, descripcion) values (1, "Brooks", "est et tempus semper est quam pharetra magna ac consequat metus sapien ut nunc vestibulum ante ipsum");
insert into personaje (personaje_id, nombre, descripcion) values (2, "Ephrayim", "justo lacinia eget tincidunt eget tempus vel pede morbi porttitor lorem id");
insert into personaje (personaje_id, nombre, descripcion) values (3, "Modestia", "quis orci nullam molestie nibh in lectus pellentesque at nulla suspendisse potenti cras in purus eu");
insert into personaje (personaje_id, nombre, descripcion) values (4, "Sande", "turpis nec euismod scelerisque quam turpis adipiscing lorem vitae mattis nibh ligula nec sem duis aliquam convallis nunc proin");
insert into personaje (personaje_id, nombre, descripcion) values (5, "Berky", "lobortis convallis tortor risus dapibus augue vel accumsan tellus nisi eu orci mauris lacinia");
insert into personaje (personaje_id, nombre, descripcion) values (6, "Philip", "primis in faucibus orci luctus et ultrices posuere cubilia curae nulla dapibus dolor vel est donec odio justo sollicitudin ut");
insert into personaje (personaje_id, nombre, descripcion) values (7, "Gleda", "tellus nulla ut erat id mauris vulputate elementum nullam varius nulla facilisi cras non");
insert into personaje (personaje_id, nombre, descripcion) values (8, "Althea", "erat fermentum justo nec condimentum neque sapien placerat ante nulla justo aliquam quis turpis eget elit");
insert into personaje (personaje_id, nombre, descripcion) values (9, "Rutger", "adipiscing elit proin interdum mauris non ligula pellentesque ultrices phasellus id sapien in sapien");
insert into personaje (personaje_id, nombre, descripcion) values (10, "Querida", "amet lobortis sapien sapien non mi integer ac neque duis bibendum morbi");
insert into personaje (personaje_id, nombre, descripcion) values (11, "Tobey", "felis fusce posuere felis sed lacus morbi sem mauris laoreet ut rhoncus aliquet pulvinar sed nisl nunc rhoncus");
insert into personaje (personaje_id, nombre, descripcion) values (12, "Aurilia", "cursus vestibulum proin eu mi nulla ac enim in tempor turpis nec euismod scelerisque quam");
insert into personaje (personaje_id, nombre, descripcion) values (13, "Vere", "maecenas tincidunt lacus at velit vivamus vel nulla eget eros elementum pellentesque quisque porta volutpat erat quisque");
insert into personaje (personaje_id, nombre, descripcion) values (14, "Abbe", "a odio in hac habitasse platea dictumst maecenas ut massa quis augue luctus tincidunt nulla mollis molestie lorem");
insert into personaje (personaje_id, nombre, descripcion) values (15, "Britteny", "orci eget orci vehicula condimentum curabitur in libero ut massa volutpat convallis morbi odio odio elementum eu");
insert into personaje (personaje_id, nombre, descripcion) values (16, "Consuelo", "nisi vulputate nonummy maecenas tincidunt lacus at velit vivamus vel nulla eget eros elementum pellentesque");
insert into personaje (personaje_id, nombre, descripcion) values (17, "Rawley", "faucibus orci luctus et ultrices posuere cubilia curae nulla dapibus dolor vel");
insert into personaje (personaje_id, nombre, descripcion) values (18, "Mead", "dui vel sem sed sagittis nam congue risus semper porta volutpat quam");
insert into personaje (personaje_id, nombre, descripcion) values (19, "Mada", "augue a suscipit nulla elit ac nulla sed vel enim sit amet nunc viverra dapibus nulla suscipit");
insert into personaje (personaje_id, nombre, descripcion) values (20, "Yasmin", "vehicula consequat morbi a ipsum integer a nibh in quis justo maecenas");
insert into productor (productor_id, nombre, web) values (1, "Raeann", "histats.com");
insert into productor (productor_id, nombre, web) values (2, "Allan", "desdev.cn");
insert into productor (productor_id, nombre, web) values (3, "Anna-diana", "uol.com.br");
insert into productor (productor_id, nombre, web) values (4, "Ginnie", "ed.gov");
insert into productor (productor_id, nombre, web) values (5, "Adriano", "unc.edu");
insert into productor (productor_id, nombre, web) values (6, "Renell", "slideshare.net");
insert into productor (productor_id, nombre, web) values (7, "Verene", "washington.edu");
insert into productor (productor_id, nombre, web) values (8, "Wilbur", "tiny.cc");
insert into productor (productor_id, nombre, web) values (9, "Meriel", "ovh.net");
insert into productor (productor_id, nombre, web) values (10, "Audy", "google.cn");
insert into cliente (user_id, celular, email, fecha_nac, identificacion, nombre, password, renta_vencida) values (1, "4057958069", "epassie0@prnewswire.com", "10/11/1932", "5736538779", "Elka", "ELYuIZ", false);
insert into cliente (user_id, celular, email, fecha_nac, identificacion, nombre, password, renta_vencida) values (2, "9829743148", "gdiaper1@imgur.com", "27/04/2013", "7789067293", "Gareth", "AHQVCxwo7O", false);
insert into cliente (user_id, celular, email, fecha_nac, identificacion, nombre, password, renta_vencida) values (3, "9038815327", "iilson2@webnode.com", "22/04/1969", "4960747051", "Idette", "xdxt16rC0tVA", false);
insert into cliente (user_id, celular, email, fecha_nac, identificacion, nombre, password, renta_vencida) values (4, "6747732465", "gduckham3@harvard.edu", "06/03/1948", "4740122197", "Guthrey", "KqejQV", false);
insert into cliente (user_id, celular, email, fecha_nac, identificacion, nombre, password, renta_vencida) values (5, "7294850235", "dwynrehame4@nps.gov", "27/09/1937", "0281224809", "Desirae", "yIwRkP", false);
insert into cliente (user_id, celular, email, fecha_nac, identificacion, nombre, password, renta_vencida) values (6, "7435257564", "iloades5@mapquest.com", "21/06/1953", "7112874401", "Ivie", "62plWQe3", false);
insert into cliente (user_id, celular, email, fecha_nac, identificacion, nombre, password, renta_vencida) values (7, "7526634054", "chamnett6@dagondesign.com", "20/02/2004", "7333112763", "Cecil", "8AFM7WY", false);
insert into cliente (user_id, celular, email, fecha_nac, identificacion, nombre, password, renta_vencida) values (8, "4243663723", "mterbeck7@oaic.gov.au", "27/01/2006", "5129584215", "Mattheus", "MPlcfFba", false);
insert into cliente (user_id, celular, email, fecha_nac, identificacion, nombre, password, renta_vencida) values (9, "8265344227", "dleeburn8@sogou.com", "03/08/1983", "5937770487", "Dorelia", "F9i9qukG0jlu", false);
insert into cliente (user_id, celular, email, fecha_nac, identificacion, nombre, password, renta_vencida) values (10, "2915609485", "icoils9@ihg.com", "30/09/1992", "2535482502", "Isabel", "n61BMuC2EEN", false);
insert into juego (juego_id, fecha_pub, nombre, plataforma, director_id) values (1, "23/02/2000", "Rocket League", "Xbox", 4);
insert into juego (juego_id, fecha_pub, nombre, plataforma, director_id) values (2, "21/07/2002", "Minecraft", "Nintendo", 5);
insert into juego (juego_id, fecha_pub, nombre, plataforma, director_id) values (3, "01/05/2005", "Overwatch", "Xbox", 9);
insert into juego (juego_id, fecha_pub, nombre, plataforma, director_id) values (4, "27/02/2000", "Valorant", "PlayStation", 5);
insert into juego (juego_id, fecha_pub, nombre, plataforma, director_id) values (5, "18/02/2008", "Apex Legends", "PC", 1);
insert into juego (juego_id, fecha_pub, nombre, plataforma, director_id) values (6, "22/02/2009", "World of Warcraft", "Nintendo", 9);
insert into juego (juego_id, fecha_pub, nombre, plataforma, director_id) values (7, "04/05/2011", "Rocket League", "Nintendo", 9);
insert into juego (juego_id, fecha_pub, nombre, plataforma, director_id) values (8, "12/10/2010", "Fortnite", "PC", 4);
insert into juego (juego_id, fecha_pub, nombre, plataforma, director_id) values (9, "05/08/2018", "FIFA", "PlayStation", 8);
insert into juego (juego_id, fecha_pub, nombre, plataforma, director_id) values (10, "15/02/2019", "Valorant", "PlayStation", 4);
insert into juego (juego_id, fecha_pub, nombre, plataforma, director_id) values (11, "21/06/2011", "Call of Duty", "PC", 9);
insert into juego (juego_id, fecha_pub, nombre, plataforma, director_id) values (12, "15/11/2010", "Apex Legends", "PC", 10);
insert into juego (juego_id, fecha_pub, nombre, plataforma, director_id) values (13, "10/10/2004", "Fortnite", "PlayStation", 7);
insert into juego (juego_id, fecha_pub, nombre, plataforma, director_id) values (14, "09/03/2011", "Fortnite", "Nintendo", 7);
insert into juego (juego_id, fecha_pub, nombre, plataforma, director_id) values (15, "03/06/2019", "Apex Legends", "Nintendo", 8);
insert into juego (juego_id, fecha_pub, nombre, plataforma, director_id) values (16, "24/05/2017", "Minecraft", "Xbox", 10);
insert into juego (juego_id, fecha_pub, nombre, plataforma, director_id) values (17, "15/07/2017", "World of Warcraft", "Nintendo", 10);
insert into juego (juego_id, fecha_pub, nombre, plataforma, director_id) values (18, "26/04/2018", "Fortnite", "PC", 4);
insert into juego (juego_id, fecha_pub, nombre, plataforma, director_id) values (19, "12/04/2010", "Call of Duty", "PC", 2);
insert into juego (juego_id, fecha_pub, nombre, plataforma, director_id) values (20, "09/10/2011", "World of Warcraft", "PlayStation", 4);
insert into juego (juego_id, fecha_pub, nombre, plataforma, director_id) values (21, "03/11/2001", "Call of Duty", "Nintendo", 3);
insert into juego (juego_id, fecha_pub, nombre, plataforma, director_id) values (22, "23/07/2009", "FIFA", "PlayStation", 6);
insert into juego (juego_id, fecha_pub, nombre, plataforma, director_id) values (23, "07/12/2003", "Rocket League", "PC", 7);
insert into juego (juego_id, fecha_pub, nombre, plataforma, director_id) values (24, "15/04/2012", "Rocket League", "Xbox", 7);
insert into juego (juego_id, fecha_pub, nombre, plataforma, director_id) values (25, "16/09/2010", "Apex Legends", "Nintendo", 10);
insert into juego (juego_id, fecha_pub, nombre, plataforma, director_id) values (26, "23/07/2011", "Apex Legends", "PC", 2);
insert into juego (juego_id, fecha_pub, nombre, plataforma, director_id) values (27, "19/12/2012", "Apex Legends", "Nintendo", 1);
insert into juego (juego_id, fecha_pub, nombre, plataforma, director_id) values (28, "22/11/2007", "League of Legends", "Nintendo", 4);
insert into juego (juego_id, fecha_pub, nombre, plataforma, director_id) values (29, "28/03/2002", "Valorant", "Xbox", 2);
insert into juego (juego_id, fecha_pub, nombre, plataforma, director_id) values (30, "09/10/2021", "League of Legends", "PC", 9);
insert into juego_personaje (juego_id, personaje_id) values (1, 1);
insert into juego_personaje (juego_id, personaje_id) values (2, 2);
insert into juego_personaje (juego_id, personaje_id) values (3, 3);
insert into juego_personaje (juego_id, personaje_id) values (4, 4);
insert into juego_personaje (juego_id, personaje_id) values (5, 5);
insert into juego_personaje (juego_id, personaje_id) values (6, 6);
insert into juego_personaje (juego_id, personaje_id) values (7, 7);
insert into juego_personaje (juego_id, personaje_id) values (8, 8);
insert into juego_personaje (juego_id, personaje_id) values (9, 9);
insert into juego_personaje (juego_id, personaje_id) values (10, 10);
insert into juego_personaje (juego_id, personaje_id) values (11, 11);
insert into juego_personaje (juego_id, personaje_id) values (12, 12);
insert into juego_personaje (juego_id, personaje_id) values (13, 13);
insert into juego_personaje (juego_id, personaje_id) values (14, 14);
insert into juego_personaje (juego_id, personaje_id) values (15, 15);
insert into juego_personaje (juego_id, personaje_id) values (16, 16);
insert into juego_personaje (juego_id, personaje_id) values (17, 17);
insert into juego_personaje (juego_id, personaje_id) values (18, 18);
insert into juego_personaje (juego_id, personaje_id) values (19, 19);
insert into juego_personaje (juego_id, personaje_id) values (20, 20);
insert into juego_personaje (juego_id, personaje_id) values (21, 1);
insert into juego_personaje (juego_id, personaje_id) values (22, 2);
insert into juego_personaje (juego_id, personaje_id) values (23, 3);
insert into juego_personaje (juego_id, personaje_id) values (24, 4);
insert into juego_personaje (juego_id, personaje_id) values (25, 5);
insert into juego_personaje (juego_id, personaje_id) values (26, 6);
insert into juego_personaje (juego_id, personaje_id) values (27, 7);
insert into juego_personaje (juego_id, personaje_id) values (28, 8);
insert into juego_personaje (juego_id, personaje_id) values (29, 9);
insert into juego_personaje (juego_id, personaje_id) values (30, 10);
insert into juego_personaje (juego_id, personaje_id) values (1, 13);
insert into juego_personaje (juego_id, personaje_id) values (2, 9);
insert into juego_personaje (juego_id, personaje_id) values (28, 2);
insert into juego_personaje (juego_id, personaje_id) values (6, 19);
insert into juego_personaje (juego_id, personaje_id) values (23, 13);
insert into juego_personaje (juego_id, personaje_id) values (1, 8);
insert into juego_personaje (juego_id, personaje_id) values (4, 2);
insert into juego_personaje (juego_id, personaje_id) values (8, 15);
insert into juego_personaje (juego_id, personaje_id) values (30, 12);
insert into juego_personaje (juego_id, personaje_id) values (18, 10);
insert into juego_productor (juego_id, productor_id) values (1, 4);
insert into juego_productor (juego_id, productor_id) values (2, 3);
insert into juego_productor (juego_id, productor_id) values (3, 3);
insert into juego_productor (juego_id, productor_id) values (4, 1);
insert into juego_productor (juego_id, productor_id) values (5, 8);
insert into juego_productor (juego_id, productor_id) values (6, 5);
insert into juego_productor (juego_id, productor_id) values (7, 4);
insert into juego_productor (juego_id, productor_id) values (8, 3);
insert into juego_productor (juego_id, productor_id) values (9, 3);
insert into juego_productor (juego_id, productor_id) values (10, 7);
insert into juego_productor (juego_id, productor_id) values (11, 10);
insert into juego_productor (juego_id, productor_id) values (12, 10);
insert into juego_productor (juego_id, productor_id) values (13, 6);
insert into juego_productor (juego_id, productor_id) values (14, 6);
insert into juego_productor (juego_id, productor_id) values (15, 6);
insert into juego_productor (juego_id, productor_id) values (16, 9);
insert into juego_productor (juego_id, productor_id) values (17, 2);
insert into juego_productor (juego_id, productor_id) values (18, 7);
insert into juego_productor (juego_id, productor_id) values (19, 10);
insert into juego_productor (juego_id, productor_id) values (20, 2);
insert into juego_productor (juego_id, productor_id) values (21, 7);
insert into juego_productor (juego_id, productor_id) values (22, 3);
insert into juego_productor (juego_id, productor_id) values (23, 2);
insert into juego_productor (juego_id, productor_id) values (24, 1);
insert into juego_productor (juego_id, productor_id) values (25, 2);
insert into juego_productor (juego_id, productor_id) values (26, 2);
insert into juego_productor (juego_id, productor_id) values (27, 3);
insert into juego_productor (juego_id, productor_id) values (28, 5);
insert into juego_productor (juego_id, productor_id) values (29, 9);
insert into juego_productor (juego_id, productor_id) values (30, 4);
insert into renta (renta_id, costo, creation_date, estado, fecha_ven, cliente_id) values (1, 38342, "04/04/2023", "FINALIZADA_A", "11/08/2023", 2);
insert into renta_juego values(1,1);
insert into renta_juego values(1,4);
insert into renta (renta_id, costo, creation_date, estado, fecha_ven, cliente_id) values (2, 6501, "23/05/2023", "FINALIZADA_A", "24/06/2023", 8);
insert into renta_juego values(2,5);
insert into renta_juego values(2,2);
insert into renta (renta_id, costo, creation_date, estado, fecha_ven, cliente_id) values (3, 47494, "06/05/2023", "FINALIZADA_A", "23/05/2023", 2);
insert into renta_juego values(3,1);
insert into renta_juego values(3,5);
insert into renta_juego values(3,20);
insert into renta (renta_id, costo, creation_date, estado, fecha_ven, cliente_id) values (4, 33244, "27/04/2023", "FINALIZADA_A", "07/09/2023", 1);
insert into renta_juego values(4,15);
insert into renta (renta_id, costo, creation_date, estado, fecha_ven, cliente_id) values (5, 66363, "13/04/2023", "ACTIVA", "03/05/2023", 7);
insert into renta_juego values(5,13);
insert into renta (renta_id, costo, creation_date, estado, fecha_ven, cliente_id) values (6, 50919, "02/05/2023", "FINALIZADA_A", "24/05/2023", 9);
insert into renta_juego values(6,1);
insert into renta_juego values(6,15);
insert into renta (renta_id, costo, creation_date, estado, fecha_ven, cliente_id) values (7, 98766, "16/04/2023", "FINALIZADA_A", "22/12/2023", 8);
insert into renta_juego values(7,3);
insert into renta_juego values(7,11);
insert into renta (renta_id, costo, creation_date, estado, fecha_ven, cliente_id) values (8, 45629, "17/04/2023", "FINALIZADA_A", "06/11/2023", 10);
insert into renta_juego values(8,21);
insert into renta (renta_id, costo, creation_date, estado, fecha_ven, cliente_id) values (9, 10397, "08/05/2023", "FINALIZADA_A", "30/05/2023", 5);
insert into renta_juego values(9,11);
insert into renta (renta_id, costo, creation_date, estado, fecha_ven, cliente_id) values (10, 14042, "20/04/2023", "ACTIVA", "17/05/2023", 3);
insert into renta_juego values(10,11);
insert into renta (renta_id, costo, creation_date, estado, fecha_ven, cliente_id) values (11, 80762, "23/04/2023", "ACTIVA", "09/08/2023", 10);
insert into renta_juego values(11,16);
insert into renta (renta_id, costo, creation_date, estado, fecha_ven, cliente_id) values (12, 52561, "03/04/2023", "ACTIVA", "14/10/2023", 8);
insert into renta_juego values(12,14);
insert into renta_juego values(12,5);
insert into renta_juego values(12,7);
insert into renta (renta_id, costo, creation_date, estado, fecha_ven, cliente_id) values (13, 86188, "18/04/2023", "ACTIVA", "13/07/2023", 9);
insert into renta_juego values(13,24);
insert into renta (renta_id, costo, creation_date, estado, fecha_ven, cliente_id) values (14, 29153, "14/05/2023", "FINALIZADA_A", "11/09/2023", 7);
insert into renta_juego values(14,1);
insert into renta (renta_id, costo, creation_date, estado, fecha_ven, cliente_id) values (15, 54714, "28/04/2023", "FINALIZADA_A", "13/12/2023", 8);
insert into renta_juego values(15,2);
insert into renta (renta_id, costo, creation_date, estado, fecha_ven, cliente_id) values (16, 6178, "29/04/2023", "FINALIZADA_A", "05/05/2023", 9);
insert into renta_juego values(16,29);
insert into renta_juego values(16,28);
insert into renta (renta_id, costo, creation_date, estado, fecha_ven, cliente_id) values (17, 35993, "05/05/2023", "ACTIVA", "09/07/2023", 2);
insert into renta_juego values(17,17);
insert into renta (renta_id, costo, creation_date, estado, fecha_ven, cliente_id) values (18, 7621, "05/04/2023", "FINALIZADA_A", "18/11/2023", 6);
insert into renta_juego values(18,12);
insert into renta (renta_id, costo, creation_date, estado, fecha_ven, cliente_id) values (19, 61970, "05/05/2023", "FINALIZADA_A", "10/07/2023", 10);
insert into renta_juego values(19,20);
insert into renta (renta_id, costo, creation_date, estado, fecha_ven, cliente_id) values (20, 97217, "12/04/2023", "FINALIZADA_A", "08/10/2023", 4);
insert into renta_juego values(20,15);
insert into renta (renta_id, costo, creation_date, estado, fecha_ven, cliente_id) values (21, 16146, "01/04/2023", "ACTIVA", "24/07/2023", 2);
insert into renta_juego values(21,15);
insert into renta_juego values(21,26);
insert into renta (renta_id, costo, creation_date, estado, fecha_ven, cliente_id) values (22, 73417, "24/04/2023", "ACTIVA", "29/12/2023", 5);
insert into renta_juego values(22,22);
insert into renta_juego values(22,20);
insert into renta (renta_id, costo, creation_date, estado, fecha_ven, cliente_id) values (23, 66740, "09/04/2023", "ACTIVA", "24/10/2023", 10);
insert into renta_juego values(23,1);
insert into renta (renta_id, costo, creation_date, estado, fecha_ven, cliente_id) values (24, 94563, "07/04/2023", "FINALIZADA_A", "23/07/2023", 6);
insert into renta_juego values(24,2);
update renta set estado="VENCIDO" where str_to_date(fecha_ven,"%d/%m/%Y")<= now() and estado="ACTIVA";
